01A5CF99-7ACF-4943-BA09-4C3834555191#appfire#SELECT CONCAT(login.coreContacts.firstName, ' : ', abcRequestDetails.ipAddress,  ' : ' , abcRequestDetails.requestId, ' : ',abcRequestDetails.appSessionId ) AS login_corecontacts_firstname,abcRequestDetails.requestId,abcRequestDetails.className,abcRequestDetails.requestTime,abcRequestDetails.requestMethod,abcRequestDetails.httpStatus,abcRequestDetails.returnStatus,abcRequestDetails.executionTime,abcRequestDetails.methodName,abcRequestDetails.startTime,abcRequestDetails.endTime,abcRequestDetails.typeofClass,abcRequestDetails.callSeqId,abcRequestDetails.exceptionId,abcRequestDetails.userId,abcRequestDetails.appSessionId FROM ZenRequestDetails AS abcRequestDetails LEFT OUTER JOIN Login AS login  WHERE    login.user.userId = abcRequestDetails.userId   AND abcRequestDetails.requestTime >= :requestTime   AND abcRequestDetails.requestTime <= :updatedDate  ORDER BY  abcRequestDetails.requestTime DESC ,abcRequestDetails.requestId, abcRequestDetails.callSeqId ASC#appfire#2#appfire#H4sIAAAAAAAAAO1aW0/jOBT+K1WecZV7E7S7UpqkorNMGUHZfVgh5DpuySg3EmcGBvHf107TYqfphQ0MM7O8AD3HPvH5zucv9ikP0tcbnGPp+J+Hx6MH6RqlSTJOAnwnHUu6ZdqWGcfAsmQD6IqiA9kaWMAOEgPammnMAl06kq4zmOOErGaFxd8s4nmaEuqM8JxIxw9SAmP6EKkscD4OqP0LjEpmiNJFmPSZuS/6pvcZ9StHUgAJXH6Q/nLO3RPnnA4JwiKL4P1kGfWSzuxVU7+GwQLTB0oE35F5iCNmhFEIi3oY/UgnInySRgH9xK2oGl0/KCzO8ZwmkSBMPTQ5N03m4YJLpI4VBvRvxdIc1/E1MBpRdHTFdCliAw84qqdbui4Pbd+jY8ky9pRb0VP2LFYSkk8VlA7vpp4cR5CEaVKvTlHY6MJPSEjupWOSl/ixXv/TOquPkwbqzSpsf+TmCp/qsw18HsHP8AvsRzBZ9C9IHiYLaUsh72pU+HpVvy/Cb8xu6lWun/7Eq0xpqmmGc0hSVr7fGTzh4mYnyeAMnePbEhfEwwSGUdGBa+uZO6nmNJ/4UrxrC1yRkBLOVXzXA7I8pJt1ILtgaKsWsDxVVn3FdDzZeiLhR26tG+i0EmNz1Itxrm0BWxe3jYateL4UC3WDY+EcRgWlIZPL1cZkhZl40oaCBkmsqnBmAxjLJtADXQWzQLOAZiJkDpA2Q7H6TAXNl2hMwxjvZHjLuDaae87Un44/+ht41uF6dYA12+lc/Hy2i6v5RSkvJtlar67kF6PtrNjGPihuoz7zFQTGmbSNBautwNeZ3wqbG0HQ4z/aBLmds8dbKar+aBT17mkmIXon6E9J0EOUWo5lA+nQAJaJINA12wLKQEdAsWUVKQMZmjZ8V+p3pf6pN4Kg1L+1Hp0zFi3w6A9eqVvMz1Jqcf5OhuLqVuOUQUg2z8xCmOdItBhVXJzoq/g61HRrYGsDoA08HeiWMgKO4VrAl03bH/mK47mmbBmybsuyolCx0AxVbSdwI/pBrMq6nbwFlFoL25XcXFJ9MfKuun8/wb+qRxSsryGAU91nqfLnmKo/gYgU1/MwL0gF0xqtPaMOvTazAG4doF8FmMAWORgxT692vcb1RTXMJkhHEioLksajw7GBi0WOF6yUx5J7NnGdafUabdFV/t7Hm15IU1tufytFfb0bII/gsuMipo4iWBQTgUW8qWvqfCwxdZd5XpM9iiFvbLH2uv/P3qftIHzE5Cbd3ABr8wsBsY7XDsXa/Z3aIQ0sbgjJLggkZfEEhGDrioIQTITghLp6a9/b5J9jUuZJE4GGtTsThHBNIjDnW+OA7zAqq9a1IA1Nc+fzSCOeCIW/8m4ViAoLLy1nEW7Iw9nl8JQXh6SMZzhvfckqR+o+OOJqV4pvCcHWFQghmIjCUhFe80Wxnw5UgPPGW4I3dc2ejyUmf8E8b/x+wEnQ2AVrQ/fzeNDO/CR446TZ9HRenVGeEheNXZMXo4kAsIR6Z/Peyvsq5yNlHwgIRtEFvuWPxbyp89mQiyWmz3vaUx8nBC+qrx+53MeT6UGSp+w9GOI7hDMmvXzuorG79vPRGld7wfcmCPzq34M10oVZdoGLolHxhrVr6o1wIgBORk9/S+8rXgc3gbhieWUlSwzGy8ZDu6Tu6rceev/Zo+asKoc8XOzP/Jd+z76FUFQ+p2HipgmdW/XfKS7XzDSuGsMxUhRFswBSoQz0mZkACAMDIIRmsomsgYJYW+W6LMfe4cMbjfgfqy3NtWBP/dG0d3Y59c97H87GE2mzH3ta95Wq5Zrm0Bzq9hCMPNsHukPXbA1VBwwN33NMzTfVwa7/M2ld4tLzyMj8gRal7m1cPf4Lz/zBLRgkAAA=#appfire#Request Details#appfire#REQUEST DETAILS#appfire#8F04D5B6-92DE-4727-8419-4AE28BB865C6#appfire#JUOHQ8X5NQR9QK1Q97LHHG#appfire#1#appfire#0#appfire#2016-05-12 17:45:30.0#appfire#0#appfire#2016-05-12 17:45:30.0#appfire#0#appfire#1#appfire##appfire#0#appfire##appfirenewline#30D3EFA8-5C73-4A0E-9164-9B1073B005C4#appfire#SELECT u FROM Login u WHERE u.systemInfo.activeStatus=1 AND u.user.userId IN (SELECT ub.userId FROM UserRoleBridge ub)#appfire#1#appfire##appfire#findMappedUser#appfire#FINDMAPPEDUSER#appfire#8F04D5B6-92DE-4727-8419-4AE28BB865C6#appfire#JUOHQ8X5NQR9QK1Q97LHHG#appfire#1#appfire#0#appfire#2016-05-12 17:45:30.0#appfire#0#appfire#2016-05-12 17:45:30.0#appfire#0#appfire#1#appfire##appfire#0#appfire##appfirenewline#330367B5-3292-42DB-A23A-4F96BCF13471#appfire#select e from SessionData e where e.systemInfo.activeStatus=1 and e.appSessionId=:appSessionId#appfire#1#appfire##appfire#SessionData.findByAppSessionId#appfire#SESSIONDATA.FINDBYAPPSESSIONID#appfire##appfire#JUOHQ8X5NQR9QK1Q97LHHG#appfire#1#appfire#0#appfire#2016-05-12 17:45:30.0#appfire#0#appfire#2016-05-12 17:45:30.0#appfire#0#appfire#1#appfire##appfire#0#appfire##appfirenewline#626AAC62-4856-46EA-B4BA-AF31CE6ECA66#appfire#delete from SessionData e where e.systemInfo.activeStatus=1 and e.appSessionId=:appSessionId#appfire#1#appfire##appfire#deleteAllSessionData#appfire#DELETEALLSESSIONDATA#appfire##appfire#JUOHQ8X5NQR9QK1Q97LHHG#appfire#1#appfire#0#appfire#2016-05-12 17:45:30.0#appfire#0#appfire#2016-05-12 17:45:30.0#appfire#0#appfire#1#appfire##appfire#0#appfire##appfirenewline#6E724A76-526C-4E36-BAD2-7DE049E06353#appfire#SELECT testOne FROM TestOne AS testOne 
 WHERE 
  testOne.ttid = :ttid 
 
 
 #appfire#1#appfire#H4sIAAAAAAAAAO2WUW/aMBDHv4ufGwQhpBRpD0CZiqZ2FWTbw4QqNzmoq8TOYoeSIb57LyEVTgitUtQiTXsh8v/s8/3ujkvW5OkBIiC932ty5wrOx9yDFekR02y1W/TeNsyubRlW2+waTSvghtmxA7NNO5bXtcgZuQtpBFy9nGLyV+puIoRCow9zRXprwmmANxClmIfqkvpxtgSpvnNo6LKThGhqnRGPKrpdkJ/9yfCqPzFxj8dk6NPkpuDviXkLUJnDlZoz8FOR+oxK1JztJajgQReuhO9BtDubbc/vYXICcwyeu+l2hBoKPmcLDWDnDA/3SLPdHF2MurYxPG82DauDebpojwYGrgZfu7bdPTc7uFdt3TtaVGrniDN1m6WwX7Jt8uh2UWTLInsxs4ed7V39kvXKjOpZeaRL2vApXzSmKmJ8QQ7VZpVz6lXInlP2N9WxcdIQ5e03SEhPRTFsEFGEEFEl0pJ8QXPEFg+vtExvv1fME/XKZYIhMvd/p3xOp2xm+R6ZjSod0I2AKvAGyY5Sl+qg4iamkn7sMdXQfRTZdcuHJMC2NP459SVsziqZL/FnjzoXj+TOvVSS57Y9dvnHbzgsQKc0CIv0zvh6NHX617caPpqhCv8t+Dj0ygXXpfeC6z6K2LrlRAXPQygWvCgeyV1Z8KLtVAWnrmJLmCqqYrmjL6l18GUiFQRjPheNkpcifslYXfsxV7DAF0UB/+bH9WA00dh5HNxDVEXfegtfrXjfdUHKofC06pfldyag7KY050vWY1JwqPvf5P8X3mBlJh5oSNmiFlF2ogSUaZ/AU10kLnQgURtIVACJEwJRSrVZky3qAG1PlMZJph0F5IrgXtSHWUIkmeBj7X+kS3XA9HNFPN3yQaNyf1bO0ujDOA2fBtuPw+oMVn7TH5gUr5YovfJRMI6f2/j6RGC8dLZ5BrG8LxlJDwAA#appfire#TOneNamtiveQ#appfire#TONENAMTIVEQ#appfire##appfire#JUOHQ8X5NQR9QK1Q97LHHG#appfire#1#appfire#0#appfire#2016-05-12 17:45:30.0#appfire#0#appfire#2016-05-12 17:45:30.0#appfire#0#appfire#1#appfire##appfire#0#appfire##appfirenewline#A46FB385-C744-4CAF-B583-63843E2EEBD1#appfire#SELECT zenHealthStatus.healthId,zenHealthStatus.scheduledDateTime,zenHealthStatus.serverInstanceId,zenHealthStatus.serverIpAddress, FUNCTION('ROUND',100 - (zenHealthStatus.usedSpace/zenHealthStatus.totalSpace )* 100) AS freeSpace, FUNCTION('ROUND',(zenHealthStatus.usedSpace/zenHealthStatus.totalSpace )* 100 ) AS usedSpace, FUNCTION('ROUND',(zenHealthStatus.totalSpace/1024)/1024) AS totalSpace, zenHealthStatus.status FROM ZenHealthStatus AS zenHealthStatus ORDER BY zenHealthStatus.scheduledDateTime DESC#appfire#2#appfire#H4sIAAAAAAAAAMWWXU/CMBiF/8uuCQkaveBuComLioRNbwwxL/SF1XRlth3yEf67KzjTrjV+TMPddk532vNk77Jt8JqiwKD7OG4FM4qMyPJ6e7gcQFY6QYrAVBqRoBVwR6GcqiEI5CpkFMqHgw3yq70fK1CFLNeA32kbMYTKnMHa3XF/kGSda/kZltBmwOftWAnK5/o5UPDuPoSXV+Go1FbqIPAim6DYB1RBMd1op9PRJ5fDa1wHXSUK3LXsynKaIikYkh4oTGipfXT3WU0g+PJsGr4VDhb5wtrakwqy3AbTC5N+Et32DTSliz4wBpYZMOlyQbFEEfFyFz5F85XwOI2ouHE1KO4C/6sScYVzFDaSaJAYNBSulI/G6Tdx5CEhAqV0aBjGH8Aw0rwsDP8nUzOqjc2vacwEYpzD1BgWU2pCwMyxu2vnqbL8tXuLYsKwNhN39xc35kR8/rH4qnYhkdRqm1KT2maOXdt0jtJaLRSwWm1La9LbCrKLW9ZRmsvq9Lx232jEqwW1ya7k/xjok7Nzp+tY18gL3QMy/Ssw3r0Ble6VjSMIAAA=#appfire#System Memory Usage#appfire#SYSTEM MEMORY USAGE#appfire#8F04D5B6-92DE-4727-8419-4AE28BB865C6#appfire#JUOHQ8X5NQR9QK1Q97LHHG#appfire#1#appfire#0#appfire#2016-05-12 17:45:30.0#appfire#0#appfire#2016-05-12 17:45:30.0#appfire#0#appfire#1#appfire##appfire#0#appfire##appfirenewline#BAD30814-CF18-42FE-B6D4-65ECEDE28776#appfire#SELECT u FROM Login u WHERE u.systemInfo.activeStatus=1 AND u.user.userId NOT IN (SELECT ub.userId FROM UserRoleBridge ub)#appfire#1#appfire##appfire#findUnMappedUser#appfire#FINDUNMAPPEDUSER#appfire#8F04D5B6-92DE-4727-8419-4AE28BB865C6#appfire#JUOHQ8X5NQR9QK1Q97LHHG#appfire#1#appfire#0#appfire#2016-05-12 17:45:30.0#appfire#0#appfire#2016-05-12 17:45:30.0#appfire#0#appfire#1#appfire##appfire#0#appfire##appfirenewline#BBFABAA6-CE65-4557-8249-3FF2612615E3#appfire#SELECT zenHealth.monitorId,zenHealth.scheduledDateTime,zenHealth.serverInstanceId,zenHealth.serverIpAddress,zenHealth.totalClass,zenHealth.classLoaded, zenHealth.classUnloaded,zenHealth.gcCollectionTime,zenHealth.gcMemoryName, ((zenHealth.nonHeapCommitted/1024)/1024) AS nonHeapCommitted, (zenHealth.nonHeapUsed/1024)/1024 AS nonHeapUsed, (zenHealth.heapCommitted/1024)/1024 AS heapCommitted, (zenHealth.maxMemory/1024)/1024 AS maxMemory , 100 - ((zenHealth.usedMemory/zenHealth.totalMemory) * 100) AS freeMemory, (zenHealth.heapUsed/1024)/1024 AS heapUsed, (zenHealth.totalMemory/1024)/1024 AS totalMemory, zenHealth.startTime, zenHealth.upTime,zenHealth.cpuTime, (zenHealth.freePhysicalSize/1024)/1024 AS freePhysicalSize, (zenHealth.totalPhysicalMemorySize/1024)/1024 AS totalPhysicalMemorySize, zenHealth.cpuLoadTime, FUNCTION('ROUND',(zenHealth.freeSwapSize/1024)/1024) AS freeSwapSize, zenHealth.systemLoadAverage, FUNCTION('ROUND',(zenHealth.totalSwapSize/1024)/1024) AS totalSwapSize, zenHealth.availableProcessor,zenHealth.totalThread, zenHealth.threadPeakCount,zenHealth.threadStartedCount,zenHealth.threadDaemonCount,zenHealth.threadCpuTime, zenHealth.threadUserTime,zenHealth.cpuLoad, (zenHealth.usedMemory/zenHealth.totalMemory) * 100 AS usedMemory, (zenHealth.usedSwapSize/1024)/1024 AS usedSwapSize, (zenHealth.usedPhysicalMemory /1024)/1024 AS usedPhysicalMemory FROM ZenHealth AS zenHealth ORDER BY zenHealth.scheduledDateTime DESC#appfire#2#appfire#H4sIAAAAAAAAAMVaTVPbMBD9Lz4zmYFOe+CWJsyQKdAMSXrpcBD2Erv1VyUZCAz/vXYSzK60HiJ1qG7mPe3K70krrzI8Rw8pSIhOf94cRXcZ5Ilqn593j1eiaJmoqMpMV3KWREdRaUNZ+zgXEko9zjPRhkdPUJ6DyHXassLERjg2yVSdiw0z0fYFlpu6w3+JezHKRbkeLbTMynUXKLTYsz/G15Pz8XULPuodUjbFLchthtdMi+ypY46PuxdW82+wiU61bODliGpVcQpJk0MyFRqWWYv1mjnKVTuXg3rAjbC8UH/yUccpLYqaujEdL8+Ws8szZEfLAmcGsuJO5Mr2AuQ9yFnZzlLGgJefYZydsFMYRtgD+D0xKzWsQVIbZlfLgzbEp5MDXajHSSJBKcsERHh6gDKwFiD+X6pCw6NmLXjPAV1pkU9ygcUTzFU3CaaSCeW93kNSSfmzWuNu6otKJIC2OwVd1dJoKpdyofSuypxTjGAvzSieUY1Yb91xVdxWzprX8aTKc4h1VpX0iGcYV+VMCiqeGfAB59ohLlxCUcndayEHCOqunoSbygn5EWfZyecv7+kuq+5l60lVFJnWeNMzjKt+JgX1gBnA+zCtmtscjG/799XXi7OD1v9AF1aKMWAPemrfR7Oy91wQxSm/6CbsqtqMp7pNNojyQjzuCg/17why7t9RrNG/IyaI0jsJYEolmKtWEkzFEirYjqYFnPpXbzpUumngut12hOaiUtCr/xxY1lcu3LK2Fx6pjasngpwvGSjWuF4gJtAVs6mp0P5vV5V9IJXYw0FarLhuqLw3wLmh7iONVrrHgx2483Sjsljk2xBy7BqMz+FrpLCPYGNAuCPq9UV25wo1Y3iA19HFZmKOMTIupEHtLu0uuVYxINCjIFC0VRSIC1YYiwdR20WBUJ+CQOF2MSAyzKdrozQUnffje5BijT9hDOX8KWNyGJ80ZkS4I8HeACbsVf6DW8Bkgyhv58ly0c4wl1UMSlXyTT7LuXrAJqFGsEPC7YNlKkEkxi7oQa890EczO6Dnwijezj4H8XtSNaVGqi3CWbmVwVBv8QEdWHTdNSSsCQbn54ORhLPCGBLQjaloe5CSNYNSfl7QHJwVdERAJybmpcCE/RyYDFwQTDag8pUCyUlHuJ92lIATj+hAvznvG1Kr9/Xve4d63lAr3ChIzB9pCOZ8ocfBxqUeU8HU2s2dgfooHmztDDKYanr1pNotzscBK4ntgzXk/7hx0wmqm06RKLr/krl5+Qs3RLXlPiMAAA==#appfire#App Server Memory Usage#appfire#APP SERVER MEMORY USAGE#appfire#8F04D5B6-92DE-4727-8419-4AE28BB865C6#appfire#JUOHQ8X5NQR9QK1Q97LHHG#appfire#1#appfire#0#appfire#2016-05-12 17:45:30.0#appfire#0#appfire#2016-05-12 17:45:30.0#appfire#0#appfire#1#appfire##appfire#0#appfire##appfirenewline#DA7EBBBE-F3D1-41CC-BB89-ECE08D79699D#appfire#SELECT testA FROM TestA AS testA 
 
 
 
 #appfire#1#appfire#H4sIAAAAAAAAAMWWwU7CQBCG36Vn0ghRD9wKmkgMhgB6MR7GdsA17W7tTpFqfHe3pcbZpYYKQW+7/z8z2a8z3fbde33CDL3+/UPHWwiMI23W75vlDSTG8QC8jifZWkhBE8hQUhALMAkeoabAOMD3fhUcCZ3GUPBaVfF5kZbCM6zAj0Eu/RllQi7LDCCo3btgOrwKpj2jrmkjEa6pKvBVaCbeSr13dl4eTU+usfD6lOX40XE4ZMJAqk1rkiraQam0P2BZQKwbYBSHUb+CUQ0w6keYkSRcYmbT3NyOB5dTxiLz5BGzJpruyU6YCyBkOPW2NVAd7yDV6haUfon9uUhMKiSpTTUfjS9n82A8YWBhrkklJgjJJDUB7sJbYaaFkqPoG5FLbTF5jo3KnSP1sLsLMszQPKJoUHxDcqktpAkQVAR5JMjn+TYwd47yBp6ftuS1J9cWD2BunGjbO3Suy4neZ5rzNHIbzaV9oHm+jcydf2p0fQS70bZ4AHNjo23vvxoNIYkVzggo1+xyttW26LrQhMlILpTvVHBubds80m22C53WMghD1HqoItZ1V94D3i1h07vuIfg/TfwW+0MJkuYlCSR68yv4rIQcKmkG1XxXSunjExixdXkqCgAA#appfire#NamedAQ#appfire#NAMEDAQ#appfire#8F04D5B6-92DE-4727-8419-4AE28BB865C6#appfire#JUOHQ8X5NQR9QK1Q97LHHG#appfire#1#appfire#0#appfire#2016-05-12 17:45:30.0#appfire#0#appfire#2016-05-12 17:45:30.0#appfire#0#appfire#1#appfire##appfire#0#appfire##appfirenewline#E11752D6-0527-4CAB-9B27-B12F25007345#appfire#select e from SessionData e where e.systemInfo.activeStatus=1 and e.appSessionId=:appSessionId and e.sessionKey =:sessionKey#appfire#1#appfire##appfire#findBySessionKey#appfire#FINDBYSESSIONKEY#appfire##appfire#JUOHQ8X5NQR9QK1Q97LHHG#appfire#1#appfire#0#appfire#2016-05-12 17:45:30.0#appfire#0#appfire#2016-05-12 17:45:30.0#appfire#0#appfire#1#appfire##appfire#0#appfire##appfirenewline#F63A2B09-4BFA-45EC-9D7C-92C4E6E4C3B9#appfire#SELECT item FROM Item AS item 
 WHERE 
  item.brandnm = :brandnm 
 
 
 #appfire#1#appfire#H4sIAAAAAAAAAO2WW0/bMBTHv4ufm4qU3qU9pAVENBVVbbc9TAg5sVuMEjuLndIM9btz0oTFTlMoIIY07aWNz9/n8vM5uTyg+1saUzT8+YBufMG5ywndoCFqe/z0xLY9i/R4y2p7PWzZnQ63cJ+ErZ530saDAWqgmwjHlKsnLyZ/ZOFmQigQA7pUaPiAOA4hA/JizAkPQVjjIMksTNGwWTEv0ggku4EIVjhfoO/ObHzpzFqwhzAZBTi9qoa8Z2RFIRvyRegJMOCAYQlrF3LAEpx8eikCQmPDb8loQIo0TM7oEsrnPgUFsMaCL9lKQyiCMQLX/e5pe9C7uLBG3ZZjtW2na43Ox7bVHfX6g86oP+4NOrBX5bEXWkmsiMKZmu6Oz9GFbVFUmXy33CPeO9UD8cy82nEfOkr9SO7wGjcDzFfNuYoZX6FDfdkUnE/HvwsyZ78zW6vTzcqT0680RcMlDiTdAqWIaIyVyPrxBfSYrW6fH5dh7ai0PmdUzlKok/n/B+WjB2V7XWySu6eUzsjgfP/w5Yvj2PK9JlduexeTohu1C/Asl4oTum1USKCq3WWJU1qOZCodTDC3FP4CXd61xr85jBWsNY0lE9zVplA3HYeme5hwulKP53JFV/CYMviuvk1G5zONjiehR+O61tn2S4h+TLGiZJSWiLrpOESQmUqdhDDV1L1NXF35kEHtto+kPYOfPd7C+Gbiwr+WudD2qOWvoLlgIZUKh5HJvXAn5/OFM5lq4CDTOvCXsJOIVJusm16PrHubwLrySU0uSjCbbBrfTFzbZFP7rCZjX7E1nSusEllyV6zHgctUwp/Ll6JZ8TfBK+IHPcNeAlcb7vg+lXIsiNbxqvnV6NUAJntVfQ/8oVnfI7/OMKIk48Bh/r1Ufxcd+sY98NJ99k7Nst4JxuE7FO4EeGFB3uvtI79H7ShaDgAA#appfire#NameItemQ#appfire#NAMEITEMQ#appfire#8F04D5B6-92DE-4727-8419-4AE28BB865C6#appfire#JUOHQ8X5NQR9QK1Q97LHHG#appfire#1#appfire#0#appfire#2016-05-12 17:45:30.0#appfire#0#appfire#2016-05-12 17:45:30.0#appfire#0#appfire#1#appfire##appfire#0#appfire#