00FBE0BC-2EFE-47F5-A67E-EC9546D27515#appfire#SELECT zenHealthStatus.healthId,zenHealthStatus.scheduledDateTime,zenHealthStatus.serverInstanceId,zenHealthStatus.serverIpAddress, FUNCTION('ROUND',100 - (zenHealthStatus.usedSpace/zenHealthStatus.totalSpace )* 100) AS freeSpace, FUNCTION('ROUND',(zenHealthStatus.usedSpace/zenHealthStatus.totalSpace )* 100 ) AS usedSpace, FUNCTION('ROUND',(zenHealthStatus.totalSpace/1024)/1024) AS totalSpace, zenHealthStatus.status FROM ZenHealthStatus AS zenHealthStatus ORDER BY zenHealthStatus.scheduledDateTime DESC#appfire#2#appfire#H4sIAAAAAAAAAMWWXU/CMBiF/8uuCQkaveBuComLioRNbwwxL/SF1XRlth3yEf67KzjTrjV+TMPddk532vNk77Jt8JqiwKD7OG4FM4qMyPJ6e7gcQFY6QYrAVBqRoBVwR6GcqiEI5CpkFMqHgw3yq70fK1CFLNeA32kbMYTKnMHa3XF/kGSda/kZltBmwOftWAnK5/o5UPDuPoSXV+Go1FbqIPAim6DYB1RBMd1op9PRJ5fDa1wHXSUK3LXsynKaIikYkh4oTGipfXT3WU0g+PJsGr4VDhb5wtrakwqy3AbTC5N+Et32DTSliz4wBpYZMOlyQbFEEfFyFz5F85XwOI2ouHE1KO4C/6sScYVzFDaSaJAYNBSulI/G6Tdx5CEhAqV0aBjGH8Aw0rwsDP8nUzOqjc2vacwEYpzD1BgWU2pCwMyxu2vnqbL8tXuLYsKwNhN39xc35kR8/rH4qnYhkdRqm1KT2maOXdt0jtJaLRSwWm1La9LbCrKLW9ZRmsvq9Lx232jEqwW1ya7k/xjok7Nzp+tY18gL3QMy/Ssw3r0Ble6VjSMIAAA=#appfire#System Memory Usage#appfire#SYSTEM MEMORY USAGE#appfire#8F04D5B6-92DE-4727-8419-4AE28BB865C6#appfire#WO0GMNEJHFAXEJPRCKQRA#appfire#1#appfire#0#appfire#2016-05-12 14:52:41.0#appfire#0#appfire#2016-05-12 14:52:41.0#appfire#0#appfire#1#appfire##appfire#0#appfire##appfirenewline#04F69F67-1C78-4404-819B-6E63B8FDC9B5#appfire#select  * from  ast_Country_M where  countryName=?#appfire#3#appfire#H4sIAAAAAAAAAMWY74+aMBzG/xdem2ayZVn2DoHdkSgawMvMci8q9LwuWBwUT3e5/33lh9iWwrFksjcGnz5P/X74thV91V6eUYq0rz8eJ9oTRnGUsevX6tKFezaihcu1G3gbx9ImGmlLmGC6giki1IgxZHGNibC+bIyAj0Q4O8TwXM9vJjmh6RlHWl1CcD4U+k94hCCGZAd8mmKyK4KQwnr0wfDMe8PTmXqilUTRiZYTXCby8e9C//xJe5somVxjYbeoanEIV2EFYkzJVn7Ajeim+pcuPHNp2dMW30UdAlh6gRRUIoZJhKa3YvzYR6grCfW/INSBFOwk1Ecn/DY37lqAtTiEr7ACMaake4rhbswNaKycwJhzZI3QT1XZwNUu0cADpjC+WZv0Nsna82zXLNcOhyOq/UycF0hBiS5P2RxhuRRHXIl1SdJpKaqDCKvzUgyqCUc/Meui/M1itpy3KRt9EGflBq2wmjU777fJqEu22jxzI3CCtbBqWwNDNuPFDtpx5eaMIcU0V6/gPaTPYIZ3FgrxvtzHHLW7Xsxsb0iHp53MS/euA5obGUR98QPFBGruhOzGB8f+ksVtzzGvyILWC3t1AiEkAjpZQvI9SnE4bk892whsa7bhmslJ/V28GAEfkfqWIkhRtD2P+cVYVWOxlxZVLQ7hKqxAjCnZWN3yckxSGMYIZL9iEDgL2w+MxUok5OX3ED+0CPOVJXeNl3rpGiPgIyLZ+hCN3rW6GrFrojiEq+yaGFOy/YeuHW3Pd5Yu/yuQl3rpGiPgIyLZA0oznBD1r8CbnSDQDJyH4q4Ea/8KJqm9bLwXSEGR0AgpPqKMQppnN4RsMdLvrmGatu+LT6iy3EspmIEcFTmDE4FhiLKs6yn134CyJfpYVH3Ii7LhvvrjApMIncrbMNGOMM7LdsLOrc7KDtF9EkcoLYwF7ZRv7kV47xwRbkCTItL7FxztEJWYIGWzbHOK6jQvWazo+jYw2rc/sz3K5K4RAAA=#appfire#CA#appfire#CA#appfire#8F04D5B6-92DE-4727-8419-4AE28BB865C6#appfire#WO0GMNEJHFAXEJPRCKQRA#appfire#1#appfire#0#appfire#2016-05-12 14:52:41.0#appfire#0#appfire#2016-05-12 14:52:41.0#appfire#0#appfire#1#appfire#select  * from  ast_Country_M where  countryName=?#appfire#0#appfire##appfirenewline#5689ED54-D5A5-4782-BB51-23E3DD59AD7C#appfire#delete from SessionData e where e.systemInfo.activeStatus=1 and e.appSessionId=:appSessionId#appfire#1#appfire##appfire#deleteAllSessionData#appfire#DELETEALLSESSIONDATA#appfire##appfire#WO0GMNEJHFAXEJPRCKQRA#appfire#1#appfire#0#appfire#2016-05-12 14:52:41.0#appfire#0#appfire#2016-05-12 14:52:41.0#appfire#0#appfire#1#appfire##appfire#0#appfire##appfirenewline#66A4FB49-F037-4B6C-9462-014A972C5C31#appfire#SELECT zenHealth.monitorId,zenHealth.scheduledDateTime,zenHealth.serverInstanceId,zenHealth.serverIpAddress,zenHealth.totalClass,zenHealth.classLoaded, zenHealth.classUnloaded,zenHealth.gcCollectionTime,zenHealth.gcMemoryName, ((zenHealth.nonHeapCommitted/1024)/1024) AS nonHeapCommitted, (zenHealth.nonHeapUsed/1024)/1024 AS nonHeapUsed, (zenHealth.heapCommitted/1024)/1024 AS heapCommitted, (zenHealth.maxMemory/1024)/1024 AS maxMemory , 100 - ((zenHealth.usedMemory/zenHealth.totalMemory) * 100) AS freeMemory, (zenHealth.heapUsed/1024)/1024 AS heapUsed, (zenHealth.totalMemory/1024)/1024 AS totalMemory, zenHealth.startTime, zenHealth.upTime,zenHealth.cpuTime, (zenHealth.freePhysicalSize/1024)/1024 AS freePhysicalSize, (zenHealth.totalPhysicalMemorySize/1024)/1024 AS totalPhysicalMemorySize, zenHealth.cpuLoadTime, FUNCTION('ROUND',(zenHealth.freeSwapSize/1024)/1024) AS freeSwapSize, zenHealth.systemLoadAverage, FUNCTION('ROUND',(zenHealth.totalSwapSize/1024)/1024) AS totalSwapSize, zenHealth.availableProcessor,zenHealth.totalThread, zenHealth.threadPeakCount,zenHealth.threadStartedCount,zenHealth.threadDaemonCount,zenHealth.threadCpuTime, zenHealth.threadUserTime,zenHealth.cpuLoad, (zenHealth.usedMemory/zenHealth.totalMemory) * 100 AS usedMemory, (zenHealth.usedSwapSize/1024)/1024 AS usedSwapSize, (zenHealth.usedPhysicalMemory /1024)/1024 AS usedPhysicalMemory FROM ZenHealth AS zenHealth ORDER BY zenHealth.scheduledDateTime DESC#appfire#2#appfire#H4sIAAAAAAAAAMVaTVPbMBD9Lz4zmYFOe+CWJsyQKdAMSXrpcBD2Erv1VyUZCAz/vXYSzK60HiJ1qG7mPe3K70krrzI8Rw8pSIhOf94cRXcZ5Ilqn593j1eiaJmoqMpMV3KWREdRaUNZ+zgXEko9zjPRhkdPUJ6DyHXassLERjg2yVSdiw0z0fYFlpu6w3+JezHKRbkeLbTMynUXKLTYsz/G15Pz8XULPuodUjbFLchthtdMi+ypY46PuxdW82+wiU61bODliGpVcQpJk0MyFRqWWYv1mjnKVTuXg3rAjbC8UH/yUccpLYqaujEdL8+Ws8szZEfLAmcGsuJO5Mr2AuQ9yFnZzlLGgJefYZydsFMYRtgD+D0xKzWsQVIbZlfLgzbEp5MDXajHSSJBKcsERHh6gDKwFiD+X6pCw6NmLXjPAV1pkU9ygcUTzFU3CaaSCeW93kNSSfmzWuNu6otKJIC2OwVd1dJoKpdyofSuypxTjGAvzSieUY1Yb91xVdxWzprX8aTKc4h1VpX0iGcYV+VMCiqeGfAB59ohLlxCUcndayEHCOqunoSbygn5EWfZyecv7+kuq+5l60lVFJnWeNMzjKt+JgX1gBnA+zCtmtscjG/799XXi7OD1v9AF1aKMWAPemrfR7Oy91wQxSm/6CbsqtqMp7pNNojyQjzuCg/17why7t9RrNG/IyaI0jsJYEolmKtWEkzFEirYjqYFnPpXbzpUumngut12hOaiUtCr/xxY1lcu3LK2Fx6pjasngpwvGSjWuF4gJtAVs6mp0P5vV5V9IJXYw0FarLhuqLw3wLmh7iONVrrHgx2483Sjsljk2xBy7BqMz+FrpLCPYGNAuCPq9UV25wo1Y3iA19HFZmKOMTIupEHtLu0uuVYxINCjIFC0VRSIC1YYiwdR20WBUJ+CQOF2MSAyzKdrozQUnffje5BijT9hDOX8KWNyGJ80ZkS4I8HeACbsVf6DW8Bkgyhv58ly0c4wl1UMSlXyTT7LuXrAJqFGsEPC7YNlKkEkxi7oQa890EczO6Dnwijezj4H8XtSNaVGqi3CWbmVwVBv8QEdWHTdNSSsCQbn54ORhLPCGBLQjaloe5CSNYNSfl7QHJwVdERAJybmpcCE/RyYDFwQTDag8pUCyUlHuJ92lIATj+hAvznvG1Kr9/Xve4d63lAr3ChIzB9pCOZ8ocfBxqUeU8HU2s2dgfooHmztDDKYanr1pNotzscBK4ntgzXk/7hx0wmqm06RKLr/krl5+Qs3RLXlPiMAAA==#appfire#App Server Memory Usage#appfire#APP SERVER MEMORY USAGE#appfire#8F04D5B6-92DE-4727-8419-4AE28BB865C6#appfire#WO0GMNEJHFAXEJPRCKQRA#appfire#1#appfire#0#appfire#2016-05-12 14:52:41.0#appfire#0#appfire#2016-05-12 14:52:41.0#appfire#0#appfire#1#appfire##appfire#0#appfire##appfirenewline#6DEEE19D-69BB-4A7A-8834-415631F8A314#appfire#SELECT channel.channel,category.category,brand.branddesc,material.materialdesc,salesRegion.regionname,distributor.distributorname,distributor.longitude,distributor.lattitude,salesData.entityAudit.updatedDate,salesData.salesdate,salesData.salesyear,salesData.salesinvoicenbr,salesData.salesqty,salesData.netsalesamt,salesData.grosssalesamt,currentMonth.monthname,currentMonth.monthid,retailer.retailername FROM Channel AS channel,Category AS category,Brand AS brand,Material AS material,SalesRegion AS salesRegion,Distributor AS distributor,SalesData AS salesData,CurrentMonth AS currentMonth,Retailer AS retailer 
 WHERE 
  salesRegion.regioncode = distributor.regioncode 
 AND distributor.distributorcode = retailer.distributorcode 
 AND category.categoryId = brand.categoryId 
 AND retailer.retailercode = salesData.reatilercode 
 AND brand.brandcode = material.brandcode 
 AND channel.channelId = salesData.channelId 
 AND currentMonth.monthid = salesData.salesmonth 
 AND category.categoryId = salesData.category 
 AND material.materialcode = salesData.materialcode 
 
 
 ORDER BY  currentMonth.monthid#appfire#2#appfire#H4sIAAAAAAAAAO1b227jNhD9lUDPoUHqrgX6oGsbtJsusmn7UCwK6hKvCotKZXm76WL/vdTFMSlRsqW1Y6foU2AOOZwzczQcjpQv0t8fkyKR3vz+Rfojygm5IXHyWXojKVCNFKIRYGRQAyqEBMAw1oBhyFGEZaTIKpSupT8ecZGQcrsqXf9WqbvL85IKV8lDKb35IhGc0R2kIlmmOYnyOKGyT3i1qQbXeJWs72rJoj/h/umRTkLXUoxL3PyQfrXv3B/sOzolTtePK/x026hvlFy1y/9O42VCd5fK5HP5kCarmA7iVYrXdOz9blM6SnVEyQ/5Kk6KrpX1wnbflK54oOBIVEkoaDcnD+mSAcirTWM6ZJvINxHyge0ZBlCRqwJbcwzg2TDQkGIEKkR0btls8Zaxcc0rI2n5rna1LZB/bS3dWVT/vBX4XRSLceVCk/hYjQWCdeGf+BNerDBZLt6XRUqW0kBgP7f+YGNX/32f/lON62pl9frdj8mT9KYsNslX6oH8MSlwmVcx/I6Ki3T5cS/7qOHUkHBDl52GfVGehTnjQm+34TGZx6ttmOdZru15AQgClz7AhmEDW9c8YOkocH1fdaAti5kX88p65GDlR2cev7nApJdh3jZug6x7wKs1pd3X6y8U0QqX1ZNCnX7rSdUQl0pN2cwsRDQgx4pFI6HoAKlIoZmVoDDDskoMeWIqZfwxwuiBWVNozRDroMw6xu++Of8JkvdhDQZpDt37WvZG6FJS7jBLi6TE6So5OUW76feu3ffo3GQU18R0A9lQDR8CGWoQqJZvAMsw6dPvu5aNkGnL0BITs2A09ejyLDwhJRkDuja9NBmPmYVhDMNIyzKAEaIRyTQEkBLqAKohlKGiRwShiVk4wmWyzIunm5ih9nZw0ZdOYbXbrr6ql4/m3O3UHqk5C6bxmdFZ8xlZug8N1wWe43uUxbYCbMuCwISKpZsWshXDEPM5YjT1uPYsHOczB0Tk/BHNfUv4yIy5/VISqZBoYYFJfBqWddOmU211THptFdbcolfKAKqKDRzf8oHq+g7lluIDxfc0Hwa66QWqmFvhVk0v/I3k6KzabsgZ8DJ8OmYu1CN6fUc6BHGGQ5oLjRggK5OBFiKcISOzYt2YmAu3R8TQQS+ST7tfNesPqkIHj/mOFa/5jO9AEYdh2uneWTwegFPkRlnTpyfHIqFc7zOvblZ41IqFaMJRqNdNk++3Wwp4x5kwo63Uqq2J51m6pyieCWTToXQLAgc4LlSAZqmKoyHHsz2mqXQvdTo4W1Xirk8t3Uc9Do04DmPqBQZ1o3Q68h0zkeIoCw0YZwDFmgxURaVFZYxVQO/4hpyhODQtfWIirY+UDpebY6YnmULi+sS9cg9InuLDnt38FZ71rPkCRx960rNrRvx7KXWjiEsZrUiKFK+OQad9CfFtu9cR2cSorAkFPeRomqwBV/ZsegjTi4kFZRfAwFNcF9nIQ4GYUBmjqRf+Z+GRacVs2rVjL7kuLPfFJr3zIQUCw4KEej6zQIgRoZWkoYUkRBGJyMTcF33EhCQr/j7djC16skn3nGbxIZfpZmb/ssNsP/Eq/ayxJqyuQcf3FQfosCKshyCwfEUGCpIVOTA017KGbtI7Rf3rbivbc+NhQAhcPqy2ZwQXjhFfX0omFDFrV3scg1vzCsP5tLq4qnAyucbrwb0Eu6BUqMpqqMZYAZAmcKCqmgKQGSNgyChWMqjDSJ76sjzLSfkx5RLhpqhWv60Ei45YxNeb2/ue63bLnrlKNlmYFL00yGzWI+1Oy8RMyCutWasix7JMHwGdHie0grZMYCoOAqYFoa6hQLECZyAddrT1kxc7YZy7O0Q99+/RK7aHic9QAMTcvSFlsqxv571IbonLB4ylL4LTE2P9wGUtlH5m7IsPpVqdn662S/fQbThBcga88gzJYRH5f2qO5BaPuf/UZJuQK2VVJbqehQBasULLRsMC2DQtYJhYUzQkEzNSppaN/7+H+f89zEu+hxEXkR3hHJbNLCJ3q195hmSQ9F0+uYLcLR309sVUkKoZYYxUQFBGyyBd0+hlGhMQ4dCEBBlGNr2CbPsKQ/0fkXwKZ7edmIOaioOdoI4Vr7kZ1IEiDsO0llBn8XgALiVLDhBv92AejXnzX8h8E+0uLm3OZN54+jyMey/ZlPzQzlnXn6sLeg9St/MgLkn2NbV6aKOjdBwOesYarNffdCweUnOd6lCcD7Juf8fJOpL4Xno7NOkVTbtG1EVvRefBuH2meJid0XlHhBDy82N6VtTNF9s12M5n4O3Y/H9AaBUIPwNvZefBzHwpyQPvC77xq2ChC9gPMc/qh1VOlmm5Yc8ldmgOdnY9j/onRiKG6+WbcJXwcL2ff3F+8qXDmh7X8l7EuCy7iJmhWYiZ9R3EuDw74M0j1Z3EtGhgIPODU2sPOjEtn+xNnJYLXhMPn5f1PLD+a7W4T7NkXeLsseMD+96/v3nLeqFSJfLBPvy12TGHnh2a1dSLRWibnl48AnbrJB7nsTA+JbjoYGyHZmFs14owtqKXaVuKoKbkU55GCQm7gDnBLNicBhH4dsJVM+M8abu29K/yqYO+GZkFu1kqwttIzpa+SFLWBuKs3KHlB6cC5lfzmG+T8qoWXjXSs+FeFvl63UfeHZ6KvbueR/99Jb0M/PW7Eb42Y4e+4b2fsCKr5eetxf6rbzl7143mY9HuhYMbnfdl9MB1o/049YTB5b+MbqL7oULxuKlg4KzqidCBP/OUuDmhdVPdbP79w9d/AX1LYwHiPwAA#appfire#Sales Detail#appfire#SALES DETAIL#appfire#8F04D5B6-92DE-4727-8419-4AE28BB865C6#appfire#WO0GMNEJHFAXEJPRCKQRA#appfire#1#appfire#0#appfire#2016-05-12 14:52:41.0#appfire#0#appfire#2016-05-12 14:52:41.0#appfire#0#appfire#1#appfire##appfire#0#appfire##appfirenewline#73B77318-B191-4C74-B1D7-521302C62231#appfire#SELECT u FROM Login u WHERE u.systemInfo.activeStatus=1 AND u.user.userId IN (SELECT ub.userId FROM UserRoleBridge ub)#appfire#1#appfire##appfire#findMappedUser#appfire#FINDMAPPEDUSER#appfire#8F04D5B6-92DE-4727-8419-4AE28BB865C6#appfire#WO0GMNEJHFAXEJPRCKQRA#appfire#1#appfire#0#appfire#2016-05-12 14:52:41.0#appfire#0#appfire#2016-05-12 14:52:41.0#appfire#0#appfire#1#appfire##appfire#0#appfire##appfirenewline#7DFD1DC7-9FA7-46E6-9E6F-EF30CF05779E#appfire#select e from SessionData e where e.systemInfo.activeStatus=1 and e.appSessionId=:appSessionId and e.sessionKey =:sessionKey#appfire#1#appfire##appfire#findBySessionKey#appfire#FINDBYSESSIONKEY#appfire##appfire#WO0GMNEJHFAXEJPRCKQRA#appfire#1#appfire#0#appfire#2016-05-12 14:52:41.0#appfire#0#appfire#2016-05-12 14:52:41.0#appfire#0#appfire#1#appfire##appfire#0#appfire##appfirenewline#8896606B-3E9B-49AA-8F54-3D487D5B8E95#appfire#SELECT testOne.tnm,testOne.tno FROM TestOne AS testOne 
 WHERE 
  testOne.tno = :tno 
 
 
 #appfire#2#appfire#H4sIAAAAAAAAAO1U3Y+aQBD/X/ZZjFBEJOkDnpq7NL1eONs+NOayZQduL+wsgfVOa/zfb0BaoWKTvrRJ0yczH/v7mBncs5dHKIAFX/bsIdaINyhgywLmiXE88WxlebEaW+5UuJYt3Inl2GLs+D5HITw2YA85LwDN91ey/FzBRVobKmaQGBbsGXJFDMygpuQzzzZ1BKX5gDBsZVe7nCr2gAlu+DFgtx/fzxYRdQhZ5hnf3baxXqRIgSgYbtRXKBIJmaA0zyQvKbs6UlCGXsZwrTMBxY/HdXfDIssIEhKOcdVNhq40JjJtiT9hSUHhbOqHrj8NrfmbpWu53sy2wvliYY1Gdmh7y8ly6fjUa47wq5YocwJCae7q8YU/1Q6NupOKOux47wz1MtQZcTPwvnG2J/LEn/kw45gOb9BASnPrX8u2sdjdQP17L79VFXtUCSzv3sGOBQnPSjiQP51DwY2u1vGW6oVMHy/fSnB2JM5fOZL5juTJ+P+J/IETOaybnrL+c+q6U2136rfdqR536qK7e1NITLvmPoXR1XUYOS17Bramz5wz9s7cDf61da0rxfmmkszVcWN92H2fWL+bXyuv+J60RLp+IY3USIzrwyvtG1NszQYAAA==#appfire#ToneQ#appfire#TONEQ#appfire#8F04D5B6-92DE-4727-8419-4AE28BB865C6#appfire#WO0GMNEJHFAXEJPRCKQRA#appfire#1#appfire#0#appfire#2016-05-12 14:52:41.0#appfire#0#appfire#2016-05-12 14:52:41.0#appfire#0#appfire#1#appfire##appfire#0#appfire##appfirenewline#915D0587-8E67-4B7E-837E-1AC269CCE3CF#appfire#SELECT salesRegion.regionname,currentMonth.monthid,currentMonth.monthname,distributor.distributorname,distributor.longitude,distributor.lattitude,retailer.retailername,salesData.autoid,salesData.channelId,salesData.salesdate,salesData.salesmonth,salesData.salesyear,salesData.salesinvoicenbr,salesData.branddesc,salesData.salesqty,salesData.netsalesamt,salesData.grosssalesamt,salesData.materialcode,salesData.brandcode,salesData.category,salesData.entityAudit.updatedDate FROM SalesRegion AS salesRegion,CurrentMonth AS currentMonth,Distributor AS distributor,Retailer AS retailer,SalesData AS salesData 
 WHERE 
  salesData.salesmonth = currentMonth.monthid 
 AND retailer.distributorcode = distributor.distributorcode 
 AND distributor.regioncode = salesRegion.regioncode 
 AND salesData.reatilercode = retailer.retailercode 
 AND salesData.salesdate >= :salesdate 
 AND salesData.salesdate <= :createdDate 
 
 
 ORDER BY  currentMonth.monthid#appfire#2#appfire#H4sIAAAAAAAAAO1abXObOBD+Kxk+RxmJdzJ3N4ONfc1cm3aS3N2HTqcjQHHogHABt/Vl8t9PvDiWQNiBJnHfPiXsalf77D5ZpCW3yucbkhHl9O3t3fGt8j5IKT2jIfminComhnpoQAwSZPlAh0kAYKiFQLcCaGEzMbGJlGPl/RJnhBYbqyj/t/R4kaYFU8bkulBObxWKE7aJkuOY5ElKixum+4Tj1b3QwwU+6aqv1ku2BB0rIdPXD8rZ+RVTh1G+jPH6vHZ8WVoebUw/R+GCsH0Vukp8kl1HJA6ZGMcRzjeLyw2ZjPkIyIs0DknWjq8ya/aM8gtyzWDRgDANgztN6XW04KDxTqOQCTzH9DTNs4FqTxygz+cTMJlCDRiOrk0MNPFcr0xfUW9wxcWX865oVLypEux2tHdNjNtYqsdzSa5l+d/lWhKMWJ1d6ecT9wF/wicxpouTM1qQBcuypJZfmiSI5ap+Xkb/lRoEy4DzN3+RtXJ6jeOc3DH06ZJkuEjLyv3O9Fm0uOHZVsUThRzVglVW4n1VKk5a6odSbWu2h2ZTbrMO07ZehtGs5bRimo4mjmPPEDBtzQK65tjA1iYI2A6EpoHmmjOfbJn2igsxaHnrMEJYsJtvW0Sd9O/xK4+Hq09fAZ6aaEW2YjwrG2NGYlxEKWUr3HNP6fRKS6MJhSYGvh9CoPuqCRD7OwehibARWKGBoTmwVzLQRRb5K8bvIA0Jx+KMFDiKSXbSs0TG5H/ci+kL96KTTG/r4qjxcU/rIE38lKvORbNvh8zdOIaRmnNcEXo6Vy3dmkGgQoNl05lZwLFs1kRnU8dFyHZV6MgJnXGeOqS7V+4mchdNb0V27NGNSVKuvbWQM/ySLaMLpafAG5JvysfT29RH9NF+JnKapyZjQb4U7Q7LrX90Toq+K1q6njN1PW8O5vOpwY5Blgtc0/CAY6L5dDbTJ9BV5bQMRWcd1vD6JySnGIYkuOemKF/UXpo+vAs7yNRM20qAjXSTvQihCnwtpCCB7BxrBux3NRzYhTOyYBvuoH13wRDGX1TWezvvLqILAfwQHBcQyeowhtmCg11F+CZarpR21QG8DvZpaCfrsZfbTR+TeqLbmno2mtkIzYDrWewYi6Y6cI2JBTwXzg2kWXMdIjn1ctGZ/F7T6B+deuLmkpCeh3qP3EohZS1TtxEwDIO1UtXX2OVf14GJkKFTW/Mxsga3UrYjOwfJWF1dMGULhrG6Pmjtbaf9A4BWCN/5CKCFRl6HoWOAlvnuEnwjzbQOqu8aJdM/Cu9k/bT3EtWK4nu+QbWgyMsw7O7UMn461vX1UdUwx51JLdMwAj8ENEAY6EngA4hNGwQoCLGFQ+hgZ2Ajrf4WGQh5F+1oZVT23KtZJ431FK8xvSdx+Txwgtq4+M67Jw9FkvlR49PGdkfeO9zNP8YnXmPWKeCGtXyReNbu6ZZ/yNqljF6nPaxSD80qb82ijoJfnDokpx7SB1FosVeRjgBy1BDokLIDZYAQ0IzACnQT2lD/1Qd/cfYwffA3WR8MypMuCb1WJ5SI+3rh1dmrLrtE+530YjmNirW7CqOiQzDRzZCmKHoVgxN1Ff0MV2M38AkEaKqxo6SmO8CeOxB4BjSnnuMamgXZTdFQLdM2HFUzdNVyTPnhsuV+z116OfISL6ZGWs0x13gu+BPR264CS3l8FSUkL3Cy7JK54cyIJvyuWZGXX/MlU40qEa2pRiMbP9VoHEinGo3uyacadQKOf47PkTKYYmV50VdAlVa20h+2sNxQV8TdVXzlFxBpBvgvIAfNQ5zSRVSs+Bs2LxqDnbcXUb/kNHK4Xrry4/bL+fXfk5ezBxL9WN2LGBdFGzEnGoWYs28hxsXBAW+GHu3OLUjHzVF6+nYzR3lCYotzFClszErDd+7756FHzXtDEWYpPjpYxw5uMKUkPuMA8qKhGHlbEea01nxlHR84hT3+Ce4MMow/8D/YyeCuCc5aaBvRKLCNrQxrozoc1Ih+SqOAUL8NWFCMgi14kIFvFhzVKw5zvvAzTMOQ5MEWPi8aCpy3FSFPSs1RozoM1irMj8W6VelaMqrEtamstrXmYGcKSooqQJwUW7SicChg0VrEfE6Ko0p5VGsPhnuRpXneRd4WD8XethfR/1lqvw38CXvLZRGOxW9yLelQ9C3z1l2xUT7jt2BZCxMB86JRLUwKtW5hB8MZsEwv0oxrX5xk8IFya9o6T24Vzw9xtQy7Mz1ROBQoP88TPYm4Rd1zzfPelYCWqxIRTuqRXvcI2//NYfcZuv+gXOZdjmDX+HnYuHRPCkvoH9KITlPKbKtPSm/f3f0PmEK/z6o0AAA=#appfire#Cal Query#appfire#CAL QUERY#appfire#8F04D5B6-92DE-4727-8419-4AE28BB865C6#appfire#WO0GMNEJHFAXEJPRCKQRA#appfire#1#appfire#0#appfire#2016-05-12 14:52:41.0#appfire#0#appfire#2016-05-12 14:52:41.0#appfire#0#appfire#1#appfire##appfire#0#appfire##appfirenewline#AAF1BABE-EFBD-401C-98CA-23B3D389F867#appfire#SELECT CONCAT(login.coreContacts.firstName, ' : ', abcRequestDetails.ipAddress,  ' : ' , abcRequestDetails.requestId, ' : ',abcRequestDetails.appSessionId ) AS login_corecontacts_firstname,abcRequestDetails.requestId,abcRequestDetails.className,abcRequestDetails.requestTime,abcRequestDetails.requestMethod,abcRequestDetails.httpStatus,abcRequestDetails.returnStatus,abcRequestDetails.executionTime,abcRequestDetails.methodName,abcRequestDetails.startTime,abcRequestDetails.endTime,abcRequestDetails.typeofClass,abcRequestDetails.callSeqId,abcRequestDetails.exceptionId,abcRequestDetails.userId,abcRequestDetails.appSessionId FROM ZenRequestDetails AS abcRequestDetails LEFT OUTER JOIN Login AS login  WHERE    login.user.userId = abcRequestDetails.userId   AND abcRequestDetails.requestTime >= :requestTime   AND abcRequestDetails.requestTime <= :updatedDate  ORDER BY  abcRequestDetails.requestTime DESC ,abcRequestDetails.requestId, abcRequestDetails.callSeqId ASC#appfire#2#appfire#H4sIAAAAAAAAAO1aW0/jOBT+K1WecZV7E7S7UpqkorNMGUHZfVgh5DpuySg3EmcGBvHf107TYqfphQ0MM7O8AD3HPvH5zucv9ikP0tcbnGPp+J+Hx6MH6RqlSTJOAnwnHUu6ZdqWGcfAsmQD6IqiA9kaWMAOEgPammnMAl06kq4zmOOErGaFxd8s4nmaEuqM8JxIxw9SAmP6EKkscD4OqP0LjEpmiNJFmPSZuS/6pvcZ9StHUgAJXH6Q/nLO3RPnnA4JwiKL4P1kGfWSzuxVU7+GwQLTB0oE35F5iCNmhFEIi3oY/UgnInySRgH9xK2oGl0/KCzO8ZwmkSBMPTQ5N03m4YJLpI4VBvRvxdIc1/E1MBpRdHTFdCliAw84qqdbui4Pbd+jY8ky9pRb0VP2LFYSkk8VlA7vpp4cR5CEaVKvTlHY6MJPSEjupWOSl/ixXv/TOquPkwbqzSpsf+TmCp/qsw18HsHP8AvsRzBZ9C9IHiYLaUsh72pU+HpVvy/Cb8xu6lWun/7Eq0xpqmmGc0hSVr7fGTzh4mYnyeAMnePbEhfEwwSGUdGBa+uZO6nmNJ/4UrxrC1yRkBLOVXzXA7I8pJt1ILtgaKsWsDxVVn3FdDzZeiLhR26tG+i0EmNz1Itxrm0BWxe3jYateL4UC3WDY+EcRgWlIZPL1cZkhZl40oaCBkmsqnBmAxjLJtADXQWzQLOAZiJkDpA2Q7H6TAXNl2hMwxjvZHjLuDaae87Un44/+ht41uF6dYA12+lc/Hy2i6v5RSkvJtlar67kF6PtrNjGPihuoz7zFQTGmbSNBautwNeZ3wqbG0HQ4z/aBLmds8dbKar+aBT17mkmIXon6E9J0EOUWo5lA+nQAJaJINA12wLKQEdAsWUVKQMZmjZ8V+p3pf6pN4Kg1L+1Hp0zFi3w6A9eqVvMz1Jqcf5OhuLqVuOUQUg2z8xCmOdItBhVXJzoq/g61HRrYGsDoA08HeiWMgKO4VrAl03bH/mK47mmbBmybsuyolCx0AxVbSdwI/pBrMq6nbwFlFoL25XcXFJ9MfKuun8/wb+qRxSsryGAU91nqfLnmKo/gYgU1/MwL0gF0xqtPaMOvTazAG4doF8FmMAWORgxT692vcb1RTXMJkhHEioLksajw7GBi0WOF6yUx5J7NnGdafUabdFV/t7Hm15IU1tufytFfb0bII/gsuMipo4iWBQTgUW8qWvqfCwxdZd5XpM9iiFvbLH2uv/P3qftIHzE5Cbd3ABr8wsBsY7XDsXa/Z3aIQ0sbgjJLggkZfEEhGDrioIQTITghLp6a9/b5J9jUuZJE4GGtTsThHBNIjDnW+OA7zAqq9a1IA1Nc+fzSCOeCIW/8m4ViAoLLy1nEW7Iw9nl8JQXh6SMZzhvfckqR+o+OOJqV4pvCcHWFQghmIjCUhFe80Wxnw5UgPPGW4I3dc2ejyUmf8E8b/x+wEnQ2AVrQ/fzeNDO/CR446TZ9HRenVGeEheNXZMXo4kAsIR6Z/Peyvsq5yNlHwgIRtEFvuWPxbyp89mQiyWmz3vaUx8nBC+qrx+53MeT6UGSp+w9GOI7hDMmvXzuorG79vPRGld7wfcmCPzq34M10oVZdoGLolHxhrVr6o1wIgBORk9/S+8rXgc3gbhieWUlSwzGy8ZDu6Tu6rceev/Zo+asKoc8XOzP/Jd+z76FUFQ+p2HipgmdW/XfKS7XzDSuGsMxUhRFswBSoQz0mZkACAMDIIRmsomsgYJYW+W6LMfe4cMbjfgfqy3NtWBP/dG0d3Y59c97H87GE2mzH3ta95Wq5Zrm0Bzq9hCMPNsHukPXbA1VBwwN33NMzTfVwa7/M2ld4tLzyMj8gRal7m1cPf4Lz/zBLRgkAAA=#appfire#Request Details#appfire#REQUEST DETAILS#appfire#8F04D5B6-92DE-4727-8419-4AE28BB865C6#appfire#WO0GMNEJHFAXEJPRCKQRA#appfire#1#appfire#0#appfire#2016-05-12 14:52:41.0#appfire#0#appfire#2016-05-12 14:52:41.0#appfire#0#appfire#1#appfire##appfire#0#appfire##appfirenewline#B45F7A36-8F17-42B9-BAAB-F64FC7247C60#appfire#SELECT u FROM Login u WHERE u.systemInfo.activeStatus=1 AND u.user.userId NOT IN (SELECT ub.userId FROM UserRoleBridge ub)#appfire#1#appfire##appfire#findUnMappedUser#appfire#FINDUNMAPPEDUSER#appfire#8F04D5B6-92DE-4727-8419-4AE28BB865C6#appfire#WO0GMNEJHFAXEJPRCKQRA#appfire#1#appfire#0#appfire#2016-05-12 14:52:41.0#appfire#0#appfire#2016-05-12 14:52:41.0#appfire#0#appfire#1#appfire##appfire#0#appfire##appfirenewline#C8716B02-4A37-432E-9D27-375A4B40AA5D#appfire#select e from SessionData e where e.systemInfo.activeStatus=1 and e.appSessionId=:appSessionId#appfire#1#appfire##appfire#SessionData.findByAppSessionId#appfire#SESSIONDATA.FINDBYAPPSESSIONID#appfire##appfire#WO0GMNEJHFAXEJPRCKQRA#appfire#1#appfire#0#appfire#2016-05-12 14:52:41.0#appfire#0#appfire#2016-05-12 14:52:41.0#appfire#0#appfire#1#appfire##appfire#0#appfire##appfirenewline#D886AF1C-4259-4A81-BD23-F9B90AABFBB2#appfire#select  * from  ast_Country_M where  countryName=?#appfire#3#appfire#H4sIAAAAAAAAAMWYW2+bMBiG/wvXkbWwaZp2R4C1SAlEHKpFUy8ccKknDhmYNFnV/z5zSGIbhzJpYTcRef2+zvfw2Q7Jq/LyjAqkfP3xOFOeMEqikl6/tpc2TOmIEjqB7bsby1BmStaXcIbJGhYoI1qCIY0rVITd5dkI2EiEy10Cj938el5lpDjiSOlK8I+7Wv8J9xAkMIuBRwqcxXUQEtiNPmiufq+5KlUPpJUIOpBmgtNEHv5d658/KW8zKZOtrcweVSeO4aqtgI9J2ZoPuBHdXP1yDU93DHPe4zupYwAbLxCCUsQwj9D8VowfhwhVKaH6F4QqEIJXCdXJCb8ttbseYCeO4autgI9J6Z4SGE+5AbW15WtLhuwsDFO1NnCxCzRwhwlMbtYmtU8SuK5p683aYXB4dZiJ8QIhKNBVBZ0jbJbihCuxK0k4LXl1FGF7XvJBOeHkJ2ZXlLdZLZxln/Ksj+Js3aAXlrOWx3SbT7pk282z1HzLD7hV2xsYsxlPdtCPSzdnAgkmlXwFp5A8gwWODRTitNnHDLUdrBamO6bD86vMjn13BZoZGUV98gPJBHLuPIunB8eeQ+Oma+kXZE4bhL04ARfiAa0yz6oUFTictqeuqfmmsdgwzWSk4S6ejICNCH0rECQo2h6n/GJsqzHoS4+qE8dw1VbAx6RstG5xOeYFDBMEyl8J8K2V6fnaas0TsvJ7iB96hNXaELvGSoN0ZyNgIzxZsIsm71pXDd81XhzD1XSNj0nZ/kPX9qbrWY7N/gpkpUG6sxGwEZ7sARUlzjP5r8CbnSBQ962H+q74gXcBE9RBNtYLhCBPqIUE71FJIKnKG0L2GMl3W9N10/P4J1RRHqTkzECM8pz+IYNhiMry2lPqvwGlS/SxrnpX1WXDtP3jAmcROjS3YabsYVLVzjIqr+51WneI7vMkQkXdzBp3znb3JLx3kHB34JzKhPcvOIoREaAgobNsK4K6NCsZtOjuPlDctz/WukkQrxEAAA==#appfire#CAQ#appfire#CAQ#appfire#8F04D5B6-92DE-4727-8419-4AE28BB865C6#appfire#WO0GMNEJHFAXEJPRCKQRA#appfire#1#appfire#0#appfire#2016-05-12 14:52:41.0#appfire#0#appfire#2016-05-12 14:52:41.0#appfire#0#appfire#1#appfire#select  * from  ast_Country_M where  countryName=?#appfire#0#appfire##appfirenewline#EE8E07ED-81F9-48C2-8DC9-7374A502E73B#appfire#SELECT testTwo.tnm,testTwo.tno,testTwo.tpp FROM TestTwo AS testTwo 
 
 
 
 #appfire#2#appfire#H4sIAAAAAAAAAJXSUUvDMBAH8O+S51J0oA9764ZgEcvoqiCyh9t66zLTu9JkrnXsu9u0CmlXkb0l/+Mu94OcxHGHJYrp+8oTW4kq1c351B0jyJuKMJQLT5B7kSTNAkokEygJ2uaoTXLkpgb9xO86UqkLBXVvZPtIUhc22cMn+Aoo85emlJTZFjDwU30N4vljEE+atDJdZLAy7YDfQUv5ZfPJ3b1dUC+esBbTLSiNZ28IYhfEV4N4BMR/gkIymGHZF0Uvz7OH2PHQIV9jOSa6vfkXVBQOqL1cBWo7BqA2GwfNmBUC9UFJGL2FUeKINjvcfKy5GnIuNCu7bnGw+0Kuu7+4Z0lzplQayWSj8zcFU6AsqwIAAA==#appfire#TestTwoQ#appfire#TESTTWOQ#appfire#8F04D5B6-92DE-4727-8419-4AE28BB865C6#appfire#WO0GMNEJHFAXEJPRCKQRA#appfire#1#appfire#0#appfire#2016-05-12 14:52:41.0#appfire#0#appfire#2016-05-12 14:52:41.0#appfire#0#appfire#1#appfire##appfire#0#appfire##appfirenewline#F1F86644-74E6-498E-9128-BCFDD3EB5BD9#appfire#SELECT salesRegion.regionname,retailer.retailername,distributor.distributorname,distributor.longitude,distributor.lattitude,currentMonth.monthid,currentMonth.monthname,salesData.autoid,salesData.channelId,salesData.salesdate,salesData.salesyear,salesData.salesinvoicenbr,salesData.materialdesc,salesData.branddesc,salesData.salesqty,salesData.netsalesamt,salesData.grosssalesamt,salesData.materialcode,salesData.brandcode,salesData.category,salesData.entityAudit.updatedDate FROM SalesRegion AS salesRegion,Retailer AS retailer,Distributor AS distributor,CurrentMonth AS currentMonth,SalesData AS salesData 
 WHERE 
  salesData.reatilercode = retailer.retailercode 
 AND retailer.distributorcode = distributor.distributorcode 
 AND distributor.regioncode = salesRegion.regioncode 
 AND salesData.salesmonth = currentMonth.monthid 
 AND salesRegion.regionname like :regionname 
 AND retailer.retailername like :retailername 
 AND distributor.distributorname like :distributorname 
 AND salesData.salesyear = :salesyear 
 AND currentMonth.monthname like :monthname 
 
 
 ORDER BY  currentMonth.monthid#appfire#2#appfire#H4sIAAAAAAAAAO1bW3ObOBT+KxmeowwXcfPMPmBjbzPbZjtJdveh0+mISxy6IFLAbbKZ/PcVF8cSCAwkjt00j9bROejT+fxxdGTfCz+u/cQXJp/uH47vhS9ujPEp9vxbYSLIpmJCx4RANUUNQMdxAIKyBCLFMETRlERZM4Vj4csNSnycrb2C9J884nkcZ8QY+leZMLkXMIrIQ4TER1kQ+okbez6xfkfhKh9OUeinNsrQCW/C5d0NmSQdCx6ZUX4Q/rbOZ++sczLFC9KbEN2dlQ849zOU+x9VAX4E3tInKxDcOHJiMoDCAKXk88X6kWSM+Lv+uzj0/KS5xqvAD73qqUF67l8RcNjNLQT0LMZXwZICSIcNPDJgm5qtKLYBZGNqArhYTMF0JipkT6EyVaWpbdkSmZuVD7ikVpjSoXCQfSy22WpYH6o1btZSfDzj7jg/D13hOQuqZ6k7BfQGfkXf0UmI8PLkIksCvBRaknpb7cc6a0WMi+C/fEyD+YrTj3/4d8LkCoWp/0C2IL7xE5TFeQJ/I/YkWF6zxCsXVSPeeviEZ38W3mX+bVasntrI9WQO9ZhVDKMeFbVg3mwh61Cfi0AWVRFAc64DUzcIB+cz05Ikw5JFc8O8D9T6EipSgxmPxm28Y6Dw09ARvbmaeo52xzo6ZzTzZFWjqJclK8K8XDUTPyTfhxiTKdaZLTSEFHtKpKmKA1RZNADEGgKS4ToAy46DyM6IBlYHCikBT6A4K8L4Nkq3TBnCansTYqugtpK6uY6fmddNNK0ZGcbupv/WXByEsrYzkbLsmow8laXmPzsn2dgFLS3bnFm2vQCLxUwFUNctYGmqDUxNWszmczgVLZlPS48N1mANbd8hOdllcBb30hRtk2GGpv1V2DBNpLiaCmTkELWQchWWMClsDSSZuqRHyECDy9kleWAH7ZsThhUVufdW5e0iOrOAV8FxBhEvD2OYzQToSsJBSC6XdkV1Xi52N7TjaezF5qHPST02bEk9Q5obkjQHlq3r5Ns7g8BSpzqwLXGhSoq+gKLEp17KBuMfdSr7s1OPfThnSS9DvWeWUkc1ZAmaLnAiMwIQkvOs6Cga0HWkYN3RFF1xB0ppsSVRjLPrOqeLE2fTzGP06dllYxMLLh2tXR/ZjFeR4ydcPnO7AswCfvKeAIOFt/9D+wGMc9f28zl8ijN/WVTFjVyuCcymi6awJI5Q0GI9gUdRzV0lOd4PueGkZu5LtY3bFprNqIc1mLaJMoxmtaAF06A0NU1jLgHNUIhqKqYBDGUqAcMURU2VFoq5mPJV061FazCCmdDNtw2ixvZvictfD5WftgTsmmj9tRIaUDWgqQAMIy/voooASR4Esox1aGBFRhiOKjuLD13vf3rCiPd/5f7E938V5RW9/ytEvFyMf/9XAboSsfP3P088w+Bfv7UCrTFw0kY7+UBoZ9+R4cB9I93hka5X1alEkY4kHcie7AAY6RJwVGyCSFGgKru6K7vD76PK7luNyY2W83gprbrSfVi99VpglJYeVvu0BoWfhnHXAi1sZhOw+2uBQSrKZd+knXV9lXTnrOuW0jfO7YVzfUTUE0XVcFVMRFRzARSNCIiGqAPsQUn2Iughc6iIUo20GpNbmsdj1ZTuL/ehds8bgFGyeqDd0Sas1iQ98QaAS31Ohg6pbG1n6qSTnv1k9yXp2a2/b+Q8MHL2UWYkycjEmgMURcnvpxwVOAYUgat4euQaHtKhN1CZi5L/zkeJ0NpTpa3DWqqV59M6qlWQ19BQraBwtn5UO7Xy7dj5Q2mm8lg2aSGXvHdy9WgCvFHrhajVRxbdiFSrCLukYBXJqV+JIJA02QOi4nqyiySdVLMDZbFoE9cKgGZ/eWyVWoToVQBsvwYYVZoe+EUA++qnh55wGcB94TOZOKQ6lEfASQvp+tWeOyddt2y+UW6flHv4XM1J89/x/3rd4+Nfs99z/Ha64u1DGONlkK3oH+nQQ2Ow0/4s6veUhQ/XjldO6LNw7T//mr6f9yybjuWtiFGW1RFTQ6MQU/41xCjbO+DX+oMCHszX/e6qIUaEfHReHz8PPec8OrIQ8+GjveXTvUYY++EpBZAeGoqR9mVhzkrLE9PY8/eqx5wDK4lLkZYeGnVgrXx5B9bK1MCZfgtP7MqN0iHrklah3JmXyV4YX+mhnAc1wN/jwPWxUwfMGEbBZiLwwFcTjsoZ+5GliPAkCRA5JKUupcXs6FD4NfeaFlfGo8q6H9xOgrDHgqaHhiKmfVm409yyX6zFMr9ldzWGlyOjqF268jhdWvZWPmE/KxaIomyDlh0cCpj1ZjGf+dlRYTwqrXvDvUziNG0irw8PxV73Z9H/nlsPA/9acdh/MNRGx8oY9x8MjzL2cn+f4UkYC5geGiVhXKilhO0Np0t2ehknlHxRI4Mry41rrbDcGF4e4uomr9c8m6kt2cGhQMnEILuzVl6QnbCRWNysjVtsXgaRn2YoumlWnJenH0ZVnZ9zQDerHBGKyt4ed1s7fgC7tX3XmcY8A72eyHTHtnXPnuORzW5Uv57VkGeXRXT7vWJ3Id9drfeESR/Wt57mu7ERMn2NAzyLMSF7cd/26fPD/w4Vmen/RQAA#appfire#Dill Query#appfire#DILL QUERY#appfire#8F04D5B6-92DE-4727-8419-4AE28BB865C6#appfire#WO0GMNEJHFAXEJPRCKQRA#appfire#1#appfire#0#appfire#2016-05-12 14:52:41.0#appfire#0#appfire#2016-05-12 14:52:41.0#appfire#0#appfire#1#appfire##appfire#0#appfire##appfirenewline#F94361F1-B891-4226-BC52-7EAFCF6309F2#appfire#SELECT salesRegion.regionname FROM SalesRegion AS salesRegion,UserAccess AS userAccess 
 WHERE 
  userAccess.region = salesRegion.regioncode 
 AND userAccess.userId = :userId 
 
 
 #appfire#2#appfire#H4sIAAAAAAAAAO1W32/aMBD+VyY/YxRDIAFpDxkkKpqGKtiPhwpVJjapq+Cg2LQwxP/eCwmQkMBGp6qbtDd8F999993nOzbo+YHHHHXvNtvaBt37kZQDyfgKddHUMk2DSILnLcvApsEYNqaGhU2rQ21Jmx2zM0U1dL+gMZd6f0uoH0nEURRpcIZ8plF3gySdQxIU80BEEuxPNFwmhqXiseP7XKl60fd1vQA/qSFGNU0P6Lsz6t04I/iECbUI6XqYRh3tbz4LFnDIh/xoPo3AQENBFZy/HdKAEW76/CYKGY/zkGaChyzLJNSIz6AK6XPwQHW9SM5EkKukEFEwsBhG2214rolbhuth0/Zc3CEegV+ubbmtjus1mvCtTjN8yaFbFmJJoW93jDpl9zaDeYSzOw5P2D1l+2LMKhzHZpxhOk/WI32i9ZDKoD7WsZABOtO0VVb6vjm7GGPxM7G1zQSmuv3M16g7o6HiW6g1WvCY6ihp00fwxyJ4KKvJjxjPKUrRkKsUZ738wfWy+pBdP2hL85XeQc8xNz4mPSOwLMp1IiuG3anMsYlrE+Jip2/BUyQ9EzutTxbuO4bXIk3LgydbrTJVDFaSRN7/OzrLKqrqxeXglZCKvbrUiD+RXr53Z+Wn4yWoLxmHMQ+pTiAD78M+Kk1IQprMZuYUNwhN5qLRxsS3bNz2qUFbtjlvNI0rJ2TyBgesekIWfddIOZlWr5yPh6T//nw8lHLK9fXz8XC1kue/YjqWlNSt0k/jnfTTXwNM4f9Xz7uop4YU4IDJNpCLpU5HHiDVkGO61Py04oOjD7n1GWTb7STLq5K/kxUbY0fcycbIbK/fGFmAyo2R+d58Y6SkTpIygE6og85TDipDn3kfl3TyiwreoJlQzGMkJDwFJtIVeDfZvgBIu6m6LgwAAA==#appfire#UserQuery#appfire#USERQUERY#appfire#8F04D5B6-92DE-4727-8419-4AE28BB865C6#appfire#WO0GMNEJHFAXEJPRCKQRA#appfire#1#appfire#0#appfire#2016-05-12 14:52:41.0#appfire#0#appfire#2016-05-12 14:52:41.0#appfire#0#appfire#1#appfire##appfire#1#appfire#